region,region_slug,latitude,longitude,clock,start_year,end_year,display_date,place,observation,evidence_status,source_keys,interpretation,limits
Mesopotamia,mesopotamia,31.32,45.64,urban_scale,-3500,-3100,c. 3500–3100 BCE,Uruk,Urban-scale settlement and monumental core,published_synthesis,SPENCER2010;EMBERLING_ET_AL2023,"Uruk became a city at a scale without a close contemporary in southern Mesopotamia; a published synthesis places its footprint near 250 hectares around 3100 BCE.","The range combines a process-level synthesis with one footprint anchor; it is not an annual growth series or a population estimate."
Mesopotamia,mesopotamia,31.32,45.64,political_centralization,-3500,-3300,c. 3500–3300 BCE,Uruk and Susiana,State institutions and territorial administration,scholarly_inference,SPENCER2010;SELZ2020,"Administrative institutions and regional expansion support an inference of early state formation during the later fourth millennium BCE.","Selz finds no unequivocal evidence for monocratic rule. State formation is an interpretation, not a recovered constitution or one coronation date."
Mesopotamia,mesopotamia,31.32,45.64,durable_notation,-3350,-3000,c. 3350–3000 BCE,Uruk,Proto-cuneiform tablets,archaeological_attestation,KELLEY_CARTOLANO_FERRARA2025,"Surviving tablets make durable numerical and sign-based administration directly visible.","First attestation is not necessarily invention; many signs remain contested and the archive is a filtered survival."
Egypt,egypt,25.10,32.78,urban_scale,-3500,-3200,c. 3500–3200 BCE,Hierakonpolis,Settlement nucleation and urban concentration,published_synthesis,MOELLER2015,"Hierakonpolis anchors a later Predynastic phase of concentrated settlement and public activity before political unification was complete.","Alluvial burial and later occupation obscure the full settlement edge; visible hectares are not a census or a universal city threshold."
Egypt,egypt,25.10,32.78,political_centralization,-3400,-3100,c. 3400–3100 BCE,Upper Egypt and the Nile Valley,Expansion from competing centers toward territorial rule,scholarly_inference,SPENCER2010,"Political consolidation proceeded through a long Naqada II–III sequence, with southern expansion preceding the conventional unification horizon.","The range avoids treating Narmer or 3100 BCE as one uncontested birthday for the Egyptian state."
Egypt,egypt,25.10,32.78,durable_notation,-3250,-3250,c. 3250 BCE,Abydos Tomb U-j,Early inscribed labels and signs,archaeological_attestation,REGULSKI2016,"Labels from Tomb U-j show an early notation system with limited phonetic writing in an elite administrative context.","These short labels are not continuous discourse, and the date is phase-level rather than an exact year."
Indus,indus,27.33,68.14,urban_scale,-2600,-1900,c. 2600–1900 BCE,Harappa and Mohenjo-daro,Mature Harappan urban system,published_settlement_synthesis,GREEN_PETRIE2018,"Large planned centers and a dense regional settlement system define the Mature Harappan urban phase.","Settlement distributions changed within this long phase; the range is not a claim of constant size or one synchronized founding event."
Indus,indus,27.33,68.14,political_centralization,-2600,-1900,c. 2600–1900 BCE,Indus region,Large-scale coordination without a recovered ruling class,contested_inference,SPENCER2010;GREEN2020,"Shared standards and coordinated urban systems support large-scale governance, while the form and concentration of political authority remain debated.","No comparable palaces royal tombs or individual-aggrandizing monuments have identified a ruling class; this row does not invent kings or a unification date."
Indus,indus,27.33,68.14,durable_notation,-2600,-1900,c. 2600–1900 BCE,Indus cities and exchange networks,Indus signs on seals tablets and objects,undeciphered_attestation,WELLS2015,"A durable sign system circulated across the Mature Harappan world and is conventionally treated as the Indus script.","The system remains undeciphered; sign sequences do not supply readable political chronicles or a secure account of language."
Northern China,northern-china,35.50,111.50,urban_scale,-2300,-1900,c. 2300–1900 BCE,Taosi,Large walled political and urban center,scholarly_inference,HE2018,"Taosi is interpreted as an early urban political center in the middle Yellow River region.","Its political status and relationship to later states remain interpretive; one site does not date all northern Chinese urbanism."
Northern China,northern-china,35.50,111.50,political_centralization,-1800,-1500,c. 1800–1500 BCE,Erlitou,Capital-scale center and territorial state model,scholarly_inference,XU2018;SPENCER2010,"Erlitou anchors a model of early territorial state organization and a primary-capital tradition.","The identification of Erlitou with a named dynasty and the selection of one primary-state threshold remain debated."
Northern China,northern-china,35.50,111.50,durable_notation,-1300,-1250,c. 1300–1250 BCE,Late Shang centers,Secure corpus of Chinese writing,secure_attestation,DEMATTE2022,"The late Shang record supplies the earliest securely attested fully functional Chinese writing corpus used in this comparison.","Earlier marks belong to a longer history of sign use, but their relationship to full writing is disputed and is not promoted into a secure script date."
Mesoamerica,mesoamerica,17.04,-96.77,urban_scale,-500,-100,c. 500–100 BCE,Monte Albán,Hilltop urban center expands,archaeological_sequence,SPENCER2010;SPENCER_REDMOND2004,"Monte Albán grew from a newly founded center into a large urban settlement within a regional hierarchy.","The range spans distinct Early and Late Monte Albán I phases; it is not a claim of uniform size or state organization throughout."
Mesoamerica,mesoamerica,17.04,-96.77,political_centralization,-300,-100,c. 300–100 BCE,Oaxaca Valley,Four-tier settlement hierarchy and regional state inference,scholarly_inference,SPENCER2010;SPENCER_REDMOND2004,"Late Monte Albán I evidence supports a territorial-state interpretation in the Oaxaca Valley.","The inference depends on settlement hierarchy and expansion evidence; it is not a recovered constitutional date for all Mesoamerica."
Mesoamerica,mesoamerica,17.04,-96.77,durable_notation,-650,-650,c. 650 BCE,San Andrés near La Venta,Incised glyphic artifacts,probable_contested_attestation,POHL_ET_AL2002,"Excavated seal and plaque fragments were interpreted as evidence that key features of Mesoamerican writing were present in an Olmec context.","The small corpus and interpretation remain debated; this row does not declare an uncontested first script for the hemisphere."
Andes,andes,-10.89,-77.52,urban_scale,-2627,-1977,2627–1977 cal BCE,Caral Supe Valley,Urban settlement monumental corporate architecture and irrigation,dated_archaeological_attestation,SHADY_ET_AL2001,"Radiocarbon dates place monumental construction and urban settlement at Caral within this calibrated range.","The interval bounds dated activity at one site; it is not a single foundation year or a population series for the Andes."
Andes,andes,-8.42,-78.75,political_centralization,-200,-100,second century BCE,Virú Valley,Functioning regional state probably emerges,probable_inference,MILLAIRE2010,"Excavation and radiocarbon evidence support the inference that a functioning state emerged in the Virú Valley during the second century BCE.","The source calls the conclusion probable and leaves open whether the north coast had one or multiple centers of primary state formation."
Andes,andes,-10.89,-77.52,durable_notation,,,No securely accepted script clock,Central and north coast Andes,An explicit evidence gap rather than a year zero,evidence_gap,URTON2017,"This comparison does not assign an early Andean date for fully deciphered writing; absence of that clock does not imply absence of administration or durable record-keeping.","Later khipu traditions preserve information without supplying a securely accepted script date for Caral or early Virú; the gap must not be plotted at 0 BCE."
